car_01,Car 1,BAG_ITEM_TITLE,1,start,assets://led_red.jpg
car_02,Car 2,BAG_ITEM_TITLE,1,start,assets://led_green.jpg
car_03,Car 3,BAG_ITEM_TITLE,1,start,assets://led_tricolor.jpg
car_04,Car 4,BAG_ITEM_TITLE,1,start,assets://motor_vib.jpg
9v_battery_case,9V Battery Case,BAG_ITEM_TITLE,1,start,assets://9v_battery_case.jpg
audio_ports,Audio Ports,BAG_ITEM_TITLE,1,start,assets://audio_ports.jpg
breadboard_lg,Large Breadboard,BAG_ITEM_TITLE,1,start,assets://breadboard_lg.jpg
breadboard_sm,Small Breadboard,BAG_ITEM_TITLE,1,start,assets://breadboard_sm.jpg
capacitor_ceramic_001.jpg,Capacitor (ceramic),BAG_ITEM_TITLE,1,start,assets://capacitor_ceramic_001.jpg
capacitor_ceramic_002.jpg,Capacitor (ceramic),BAG_ITEM_TITLE,1,start,assets://capacitor_ceramic_002.jpg
capacitor_ceramic_003.jpg,Capacitor (ceramic),BAG_ITEM_TITLE,1,start,assets://capacitor_ceramic_003.jpg
capacitor_electrolytic.jpg,Capacitor (ceramic),BAG_ITEM_TITLE,1,start,assets://capacitor_electrolytic.jpg
capacitor_electrolytic_lg_001.jpg,Capacitor (ceramic),BAG_ITEM_TITLE,1,start,assets://capacitor_electrolytic_lg_001.jpg
capacitor_electrolytic_lg_002.jpg,Capacitor (ceramic),BAG_ITEM_TITLE,1,start,assets://capacitor_electrolytic_lg_002.jpg
capacitor_electrolytic_lg_003.jpg,Capacitor (ceramic),BAG_ITEM_TITLE,1,start,assets://capacitor_electrolytic_lg_003.jpg
capacitor_lg_001.jpg,Capacitor (ceramic),BAG_ITEM_TITLE,1,start,assets://capacitor_lg_001.jpg
capacitor_lg_002.jpg,Capacitor (ceramic),BAG_ITEM_TITLE,1,start,assets://capacitor_lg_002.jpg
capacitor_lg_003.jpg,Capacitor (ceramic),BAG_ITEM_TITLE,1,start,assets://capacitor_lg_003.jpg
capacitor_lg_004.jpg,Capacitor (ceramic),BAG_ITEM_TITLE,1,start,assets://capacitor_lg_004.jpg
circuitboard_001.jpg,Circuit Board,BAG_ITEM_TITLE,1,start,assets://circuitboard_001.jpg
circuitboard_002.jpg,Circuit Board,BAG_ITEM_TITLE,1,start,assets://circuitboard_002.jpg
circuitboard_003.jpg,Circuit Board,BAG_ITEM_TITLE,1,start,assets://circuitboard_003.jpg
circuitboard_004.jpg,Circuit Board,BAG_ITEM_TITLE,1,start,assets://circuitboard_004.jpg
circuitboard_005.jpg,Circuit Board,BAG_ITEM_TITLE,1,start,assets://circuitboard_005.jpg
circuitboard_006.jpg,Circuit Board,BAG_ITEM_TITLE,1,start,assets://circuitboard_006.jpg
circuitboard_007.jpg,Circuit Board,BAG_ITEM_TITLE,1,start,assets://circuitboard_007.jpg
circuitboard_008.jpg,Circuit Board,BAG_ITEM_TITLE,1,start,assets://circuitboard_008.jpg
diode.jpg,Diode,BAG_ITEM_TITLE,1,start,assets://diode.jpg
floppy_drive.jpg,"3.5"" Floppy Drive",BAG_ITEM_TITLE,1,start,assets://floppy_drive.jpg
hard_disk_drive_headers.jpg,Hard Disk Drive Headers,BAG_ITEM_TITLE,1,start,assets://hard_disk_drive_headers.jpg
hard_drive_001.jpg,Hard Drive,BAG_ITEM_TITLE,1,start,assets://hard_drive_001.jpg
hard_drive_002.jpg,Hard Drive,BAG_ITEM_TITLE,1,start,assets://hard_drive_002.jpg
hard_drive_003.jpg,Hard Drive,BAG_ITEM_TITLE,1,start,assets://hard_drive_003.jpg
hard_drive_004.jpg,Hard Drive,BAG_ITEM_TITLE,1,start,assets://hard_drive_004.jpg
headers_female_8_pin_lg.jpg,Headers (female),BAG_ITEM_TITLE,1,start,assets://headers_female_8_pin_lg.jpg
headers_female_8_pin_sm.jpg,Headers (female),BAG_ITEM_TITLE,1,start,assets://headers_female_8_pin_sm.jpg
headers_male_5_pin.jpg,Headers (male),BAG_ITEM_TITLE,1,start,assets://headers_male_5_pin.jpg
headers_male_8_pin.jpg,Headers (male),BAG_ITEM_TITLE,1,start,assets://headers_male_8_pin.jpg
headers_male_19_pin.jpg,Headers (male),BAG_ITEM_TITLE,1,start,assets://headers_male_19_pin.jpg
headers_male_dual_5_pin.jpg,Headers (male),BAG_ITEM_TITLE,1,start,assets://headers_male_dual_5_pin.jpg
headers_male_dual_8_pin.jpg,Headers (male),BAG_ITEM_TITLE,1,start,assets://headers_male_dual_8_pin.jpg
headers_male_dual_27_pin.jpg,Headers (male),BAG_ITEM_TITLE,1,start,assets://headers_male_dual_27_pin.jpg
headers_male_dual_lg.jpg,Headers (male),BAG_ITEM_TITLE,1,start,assets://headers_male_dual_lg.jpg
headers_male_dual_med.jpg,Headers (male),BAG_ITEM_TITLE,1,start,assets://headers_male_dual_med.jpg
jumper_cable_lg.jpg,LG Jumper Cable,BAG_ITEM_TITLE,1,start,assets://jumper_cable_lg.jpg
jumper_cable_sm.jpg,SM Jumper Cable,BAG_ITEM_TITLE,1,start,assets://jumper_cable_sm.jpg
led_green.jpg,Green LED,BAG_ITEM_TITLE,1,start,assets://led_green.jpg
led_red.jpg,Red LED,BAG_ITEM_TITLE,1,start,assets://led_red.jpg
led_tricolor.jpg,Tricolor LED,BAG_ITEM_TITLE,1,start,assets://led_tricolor.jpg
memory_stick.jpg,Memory Stick,BAG_ITEM_TITLE,1,start,assets://memory_stick.jpg
motherboard_001.jpg,Motherboard,BAG_ITEM_TITLE,1,start,assets://motherboard_001.jpg
motherboard_002.jpg,Motherboard,BAG_ITEM_TITLE,1,start,assets://motherboard_002.jpg
motor_vibr.jpg,Motor,BAG_ITEM_TITLE,1,start,assets://motor_vibr.jpg
network_interface_card_001.jpg,Network Interface Card (NIC),BAG_ITEM_TITLE,1,start,assets://network_interface_card_001.jpg
oscillator_001.jpg,Oscillator,BAG_ITEM_TITLE,1,start,assets://oscillator_001.jpg
oscillator_002.jpg,Oscillator,BAG_ITEM_TITLE,1,start,assets://oscillator_002.jpg
photoresistor.jpg,Photo Resistor,BAG_ITEM_TITLE,1,start,assets://photoresistor.jpg
piezo_buzzer_001.jpg,Piezo Buzzer,BAG_ITEM_TITLE,1,start,assets://piezo_buzzer_001.jpg
piezo_buzzer_002.jpg,Piezo Buzzer,BAG_ITEM_TITLE,1,start,assets://piezo_buzzer_002.jpg
potentiometer_rotary.jpg,Rotary Potentiometer,BAG_ITEM_TITLE,1,start,assets://potentiometer_rotary.jpg
potentiometer_trim.jpg,Trim Potentiometer,BAG_ITEM_TITLE,1,start,assets://potentiometer_trim.jpg
power_supply_unit.jpg,Power Supply Unit,BAG_ITEM_TITLE,1,start,assets://power_supply_unit.jpg
power_switch.jpg,Power Switch,BAG_ITEM_TITLE,1,start,assets://power_switch.jpg
pressure_sensor.jpg,Pressure Sensor,BAG_ITEM_TITLE,1,start,assets://pressure_sensor.jpg
printer_connector_001.jpg,Printer Connector,BAG_ITEM_TITLE,1,start,assets://printer_connector_001.jpg
printer_connector_002.jpg,Printer Connector,BAG_ITEM_TITLE,1,start,assets://printer_connector_002.jpg
protoboard.jpg,Protoboard,BAG_ITEM_TITLE,1,start,assets://protoboard.jpg
ps_2_ports.jpg,PS/2 ports,BAG_ITEM_TITLE,1,start,assets://ps_2_ports.jpg
psu_plug.jpg,Power Supply Unit (PSU) Plug,BAG_ITEM_TITLE,1,start,assets://psu_plug.jpg
ribbon_cable.jpg,Ribbon Cable,BAG_ITEM_TITLE,1,start,assets://ribbon_cable.jpg
sdramm_dimm_slots.jpg,SDRAM DIMM (memory) Slots,BAG_ITEM_TITLE,1,start,assets://sdram_dimm_slots.jpg
servomotor_micro.jpg,Servomotor,BAG_ITEM_TITLE,1,start,assets://servomotor_micro.jpg
sleep_switch_display.jpg,Sleep Switch Display,BAG_ITEM_TITLE,1,start,assets://sleep_swich_display.jpg
speaker.jpg,Audio Speaker,BAG_ITEM_TITLE,1,start,assets://speaker.jpg
switch_dpdt.jpg,Switch (DPDT),BAG_ITEM_TITLE,1,start,assets://switch_dpdt.jpg
switch_spst.jpg,Switch (SPST),BAG_ITEM_TITLE,1,start,assets://switch_spst.jpg
tilt_sensor.jpg,Tilt Sensor,BAG_ITEM_TITLE,1,start,assets://tile_sensor.jpg
transformer.jpg,Transformer,BAG_ITEM_TITLE,1,start,assets://transformer.jpg
transistor_npn.jpg,Transistor (NPN),BAG_ITEM_TITLE,1,start,assets://transistor_npn.jpg
vga_connector.jpg,VGA Connector,BAG_ITEM_TITLE,1,start,assets://vga_connector.jpg
QuestionId_01,First card,CARD_TITLE,1,start,assets://switch_spst.jpg
